review,sentiment
"The biryani was delicious and full of authentic rich flavors",positive
"Food was amazing and arrived piping hot within twenty minutes",positive
"Really tasty pizza with generous cheese and excellent fresh crust",positive
"Burger was fresh juicy and packed with crispy lettuce",positive
"The paneer butter masala was very tasty soft and flavorful",positive
"Great food quality and very generous portion size for two people",positive
"Delivery was super fast and the rider was extremely polite",positive
"The restaurant provided excellent customer service and included extra chutney",positive
"Packaging was neat clean and completely spill-proof",positive
"Very good taste and very reasonable price for the quantity",positive
"I loved the chicken biryani it was fresh aromatic and delicious",positive
"Fresh ingredients hot food and wonderful authentic taste",positive
"Food arrived on time and tasted absolutely great",positive
"Excellent restaurant with friendly courteous staff",positive
"Great value for money tasty meal and neat eco-friendly packaging",positive
"The masala dosa was crispy fresh hot and delightfully delicious",positive
"The hakka noodles were hot fresh flavorful and not too oily",positive
"Fantastic meal quick delivery and pleasant experience overall",positive
"Everything was fresh nicely packed and delivered warm",positive
"One of the best meals I ever ordered online highly recommended",positive
"Crispy chicken wings were hot flavorful and super crunchy",positive
"Delivery partner arrived faster than estimated time great work",positive
"Sturdy packaging no leakage and food stayed warm throughout",positive
"Very affordable prices and big portion sizes loved it",positive
"Super delicious garlic bread and pasta will order again for sure",positive
"Prompt delivery polite executive and mouth-watering food",positive
"Dessert was heavenly rich fresh and perfectly sweetened",positive
"The sandwich was toasted well fresh veggies and great spread",positive
"High quality ingredients hygienic preparation and wonderful service",positive
"Biryani aroma was fantastic and meat was tender and juicy",positive
"Best pizza place in town fast delivery and steaming hot slices",positive
"Value pack meal was cheap filling and delicious",positive
"Secure tamper-proof box with neat compartments for sauces",positive
"Quick order turnaround and delightful meal quality",positive
"Outstanding taste friendly support team and rapid delivery",positive
"The meal was okay and nothing special to write about",neutral
"Food was average neither bad nor particularly memorable",neutral
"Delivery was neither fast nor slow it arrived as scheduled",neutral
"The taste was acceptable standard restaurant quality",neutral
"Portion size was normal and sufficient for one person",neutral
"The restaurant service was okay standard order processing",neutral
"Packaging was fine normal plastic container with lid",neutral
"Food quality was average for the price charged",neutral
"Not bad but not excellent just an ordinary lunch",neutral
"The biryani was decent could have used slightly more spices",neutral
"Food was okay but could be better with more seasoning",neutral
"Average taste and average delivery duration",neutral
"The order arrived with no major issue just routine food",neutral
"Price was reasonable but food was totally ordinary",neutral
"Some dishes were good and some were pretty average",neutral
"The overall dining experience was normal as expected",neutral
"Pizza base was standard and toppings were moderate",neutral
"Delivery took the expected thirty minutes neither quick nor delayed",neutral
"Packaging was adequate kept the items contained",neutral
"Taste was fair enough for a quick weeknight dinner",neutral
"Noodles had decent flavor but nothing extraordinary",neutral
"Service was okay rider followed basic directions",neutral
"The portion size was standard matched the menu description",neutral
"Mild seasoning edible meal nothing stood out",neutral
"Food arrived at room temperature neither cold nor hot",neutral
"Price matches the standard market rate reasonable",neutral
"The wrap was okay simple filling and standard sauce",neutral
"Standard packaging with basic paper bag and napkins",neutral
"Routine delivery experience food was acceptable",neutral
"Satisfactory meal nothing to complain about or celebrate",neutral
"Average fried rice with plain flavor profile",neutral
"Delivery time was moderate and food was alright",neutral
"Decent burger with standard buns and condiments",neutral
"Usual quantity and ordinary food taste",neutral
"Experience was okay regular food delivery order",neutral
"Food arrived late and was completely cold and unappetizing",negative
"The biryani was tasteless dry and extremely disappointing",negative
"Very bad food quality stale ingredients and weird smell",negative
"Delivery was extremely delayed and rider did not respond",negative
"Food was stone cold and soggy when it finally arrived",negative
"Burger was stale dry tough and not fresh at all",negative
"Poor packaging the gravy spilled all over the paper bag",negative
"The restaurant service was terrible and staff was very rude",negative
"Too expensive and overpriced for such an extremely small portion",negative
"The food tasted awful and oily definitely never ordering again",negative
"Order was incorrect missing items and delivery was an hour late",negative
"Very poor service from the restaurant and unhelpful support",negative
"The pizza was cold chewy soggy and had barely any cheese",negative
"Not worth the money spent complete waste of cash",negative
"Food quality was really bad caused severe stomach pain",negative
"The delivery took more than an hour and arrived totally messy",negative
"Packaging was crushed container was damaged and food leaked",negative
"Food had no taste bland undercooked and rubbery",negative
"Very disappointing experience horrible customer service",negative
"The portion was way too small for the hefty price charged",negative
"The restaurant staff was rude impatient and dismissive",negative
"The order arrived late and two drinks were completely missing",negative
"Stale bread rotten salad and awful dressing gross",negative
"Unacceptable delivery delay of over ninety minutes cold food",negative
"Greasy tasteless curry with poor packaging and oil leaking",negative
"Highly overpriced food tasted like yesterday leftovers",negative
"Worst biryani ever cooked pieces were hard and rice burnt",negative
"Dosa was totally soggy cold and chutney was spoiled sour",negative
"Delivery driver was rude and refused to come to the door",negative
"Containers were cracked and curry leaked everywhere in the bag",negative
"Terrible taste very salty and completely inedible meal",negative
"Ridiculous price for tiny portion and bad quality",negative
"Slow delivery cold burger and missing fries awful service",negative
"Disastrous experience food smelled stale and was thrown away",negative
"Arrived frozen cold delayed delivery and poor customer support",negative
